appid,peak_players_year,avg_players_year
1245620,952523,254988.72727272726
1938090,488897,353535.0
1599340,1324761,572915.0909090909
730,1129095,1013358.5
1568590,414978,48285.75
1085660,289895,143547.41666666666
570,1038848,794163.0
1449850,262333,92339.75
1172470,510286,391857.0833333333
578080,696704,488464.0833333333
346110,247292,101594.66666666667
534380,274983,36268.72727272727
252490,165120,140499.08333333334
271590,197328,164006.0
1063730,137755,57244.916666666664
1604030,150645,42140.75
1142710,166519,52644.90909090909
440,147868,118729.66666666667
1091500,136724,48579.166666666664
1203220,166259,145351.08333333334
1446780,230942,88760.83333333333
238960,158140,70067.66666666667
431960,144578,102506.91666666667
1818750,153044,54945.0
1418630,107820,48166.5
105600,115029,59019.75
359550,108630,71014.41666666667
1222670,96185,36236.833333333336
292030,89259,40268.333333333336
648800,100474,32514.166666666668
242760,74816,41381.083333333336
289070,89986,65117.25
236390,88331,69189.0
892970,127172,45336.833333333336
550,84991,38470.0
1361210,107450,96703.0
1794680,77061,39506.666666666664
1222680,85230,15437.0
920210,82446,13617.666666666666
304930,92850,60465.333333333336
230410,91910,70243.66666666667
552500,104134,15598.833333333334
1506830,108168,71057.75
1811260,98981,78426.0
381210,96390,61432.75
739630,54717,30485.583333333332
251570,70001,41996.416666666664
275850,40753,21533.0
529340,69663,44821.0
39210,65565,42781.333333333336
